hsa-mir-155,hsa-mir-491,hsa-mir-196b,hsa-mir-10a,hsa-mir-21,hsa-mir-148a,hsa-mir-1266,hsa-mir-200c,hsa-mir-128,hsa-mir-146b,hsa-mir-1296,hsa-mir-15b,hsa-mir-28,hsa-mir-105,hsa-mir-653,hsa-mir-452,hsa-mir-767,hsa-mir-141,hsa-mir-34a,hsa-mir-193a,hsa-mir-139,hsa-mir-374a,hsa-mir-23a,hsa-mir-504,hsa-mir-27a,hsa-mir-346,hsa-mir-503,hsa-mir-142,hsa-mir-501,hsa-mir-10b,hsa-mir-200a,hsa-mir-200b,hsa-mir-9,hsa-mir-30a,hsa-mir-574,hsa-mir-339,hsa-mir-100,hsa-mir-25,hsa-mir-138,hsa-mir-217,hsa-mir-335,hsa-mir-96,hsa-mir-671,hsa-mir-1262,hsa-mir-616,hsa-mir-455,hsa-mir-937,hsa-mir-383,hsa-mir-99b,hsa-mir-424
0.35405,0.26203,0.12733,0.39907,0.3006,0.49748,0.3173,0.41024,0.24883,0.29338,0.29944,0.21177,0.66093,0.32597,0.18794,0.10028,0.26955,0.32048,0.55415,0.19511,0.22414,0.71507,0.44284,0.05958,0.41187,0.41717,0.0747,0.46472,0.51429,0.80431,0.40273,0.24519,0.97027,0.53175,0.44377,0.35958,0.56568,0.4439,0.45905,0.47454,0.19926,0.0928,0.33939,0.37618,0.21386,0.54917,0.23615,0.33329,0.40482,0.12033
