hsa-mir-155,hsa-mir-491,hsa-mir-196b,hsa-mir-10a,hsa-mir-21,hsa-mir-148a,hsa-mir-1266,hsa-mir-200c,hsa-mir-128,hsa-mir-146b,hsa-mir-1296,hsa-mir-15b,hsa-mir-28,hsa-mir-105,hsa-mir-653,hsa-mir-452,hsa-mir-767,hsa-mir-141,hsa-mir-34a,hsa-mir-193a,hsa-mir-139,hsa-mir-374a,hsa-mir-23a,hsa-mir-504,hsa-mir-27a,hsa-mir-346,hsa-mir-503,hsa-mir-142,hsa-mir-501,hsa-mir-10b,hsa-mir-200a,hsa-mir-200b,hsa-mir-9,hsa-mir-30a,hsa-mir-574,hsa-mir-339,hsa-mir-100,hsa-mir-25,hsa-mir-138,hsa-mir-217,hsa-mir-335,hsa-mir-96,hsa-mir-671,hsa-mir-1262,hsa-mir-616,hsa-mir-455,hsa-mir-937,hsa-mir-383,hsa-mir-99b,hsa-mir-424
0.34674,0.49012,0.49285,0.03376,0.91827,0.96678,0.00696,0.03874,0.28791,0.35457,0.25432,0.37005,0.71212,0.12403,0.04043,0.12981,0.05547,0.52676,1,0.08251,0.16245,0.64769,0.22745,0.1159,0.84586,0.01677,0.40647,0.98728,0.34758,0.64063,0.25366,0.12862,0.85572,0.41179,0.36958,0.29764,0.61489,0.6842,0.18217,0.06178,1,0.52038,0.03712,0.061,0.00696,0.16109,0.05828,0.13538,0.2314,0.82134
